school,sex,age,address,famsize,Pstatus,Medu,Fedu,Mjob,Fjob,reason,guardian,traveltime,studytime,schoolsup,famsup,activities,nursery,higher,internet,romantic,famrel,freetime,goout,Dalc,Walc,health,failures,paid,absences,G1,G2,G3,alc_use,high_use,probability,prediction
GP,F,18,U,GT3,A,4,4,at_home,teacher,course,mother,2,2,yes,no,no,yes,yes,no,no,4,3,4,1,1,3,0,no,5,2,8,8,1,FALSE,0.3917172321313424,FALSE
GP,F,17,U,GT3,T,1,1,at_home,other,course,father,1,2,no,yes,no,no,yes,yes,no,5,3,3,1,1,3,0,no,3,7,8,8,1,FALSE,0.15389032566754463,FALSE
GP,F,15,U,LE3,T,1,1,at_home,other,other,mother,1,2,yes,no,no,yes,yes,yes,no,4,3,2,2,3,3,2,yes,8,10,10,11,2.5,TRUE,0.16351491556812886,FALSE
GP,F,15,U,GT3,T,4,2,health,services,home,mother,1,3,no,yes,yes,yes,yes,yes,yes,3,2,2,1,1,5,0,yes,1,14,14,14,1,FALSE,0.12010126473937766,FALSE
GP,F,16,U,GT3,T,3,3,other,other,home,father,1,2,no,yes,no,yes,yes,no,no,4,3,2,1,2,5,0,yes,2,8,12,12,1.5,FALSE,0.11017986420216937,FALSE
GP,M,16,U,LE3,T,4,3,services,other,reputation,mother,1,2,no,yes,yes,yes,yes,yes,no,5,4,2,1,2,5,0,yes,8,14,14,14,1.5,FALSE,0.1411418676665542,FALSE
GP,M,16,U,LE3,T,2,2,other,other,home,mother,1,2,no,no,no,yes,yes,yes,no,4,4,4,1,1,3,0,no,0,12,12,12,1,FALSE,0.356112437210724,FALSE
GP,F,17,U,GT3,A,4,4,other,teacher,home,mother,2,2,yes,yes,no,yes,yes,no,no,4,1,4,1,1,1,0,no,4,8,9,10,1,FALSE,0.27431380511517367,FALSE
GP,M,15,U,LE3,A,3,2,services,other,home,mother,1,2,no,yes,no,yes,yes,yes,no,4,2,2,1,1,1,0,yes,0,16,17,18,1,FALSE,0.07802937280596736,FALSE
GP,M,15,U,GT3,T,3,4,other,other,home,mother,1,2,no,yes,yes,yes,yes,yes,no,5,5,1,1,1,5,0,yes,0,13,14,14,1,FALSE,0.0523234225035724,FALSE
GP,F,15,U,GT3,T,4,4,teacher,health,reputation,mother,1,2,no,yes,no,yes,yes,yes,no,3,3,3,1,2,2,0,yes,1,12,11,12,1.5,FALSE,0.25866930980747455,FALSE
GP,F,15,U,GT3,T,2,1,services,other,reputation,father,3,3,no,yes,yes,yes,yes,yes,no,5,2,2,1,1,4,0,no,2,10,12,12,1,FALSE,0.0618565922262462,FALSE
GP,M,15,U,LE3,T,4,4,health,services,course,father,1,1,no,yes,yes,yes,yes,yes,no,4,3,3,1,3,5,0,yes,1,13,14,13,2,FALSE,0.1892711982459027,FALSE
GP,M,15,U,GT3,T,4,3,teacher,other,course,mother,2,2,no,yes,no,yes,yes,yes,no,5,4,3,1,2,3,0,yes,1,11,11,12,1.5,FALSE,0.164065237044657,FALSE
GP,M,15,U,GT3,A,2,2,other,other,home,other,1,3,no,yes,no,yes,yes,yes,yes,4,5,2,1,1,3,0,no,0,14,15,16,1,FALSE,0.14375326229107566,FALSE
GP,F,16,U,GT3,T,4,4,health,other,home,mother,1,1,no,yes,no,yes,yes,yes,no,4,4,4,1,2,2,0,no,5,16,16,16,1.5,FALSE,0.4472527409921071,FALSE
GP,F,16,U,GT3,T,4,4,services,services,reputation,mother,1,3,no,yes,yes,yes,yes,yes,no,3,2,3,1,2,2,0,yes,8,13,14,14,1.5,FALSE,0.3211442783802793,FALSE
GP,F,16,U,GT3,T,3,3,other,other,reputation,mother,3,2,yes,yes,yes,yes,yes,no,no,5,3,2,1,1,4,0,no,3,10,12,12,1,FALSE,0.08206150077326184,FALSE
GP,M,17,U,GT3,T,3,2,services,services,course,mother,1,1,no,yes,yes,yes,yes,yes,no,5,5,5,2,4,5,3,no,9,7,6,6,3,TRUE,0.652340322918002,TRUE
GP,M,16,U,LE3,T,4,3,health,other,home,father,1,1,no,no,yes,yes,yes,yes,no,3,1,3,1,3,5,0,yes,5,10,11,11,2,FALSE,0.2305619068674989,FALSE
GP,M,15,U,GT3,T,4,3,teacher,other,reputation,mother,1,2,no,no,no,yes,yes,yes,no,4,4,1,1,1,1,0,no,0,12,14,14,1,FALSE,0.06162769489897981,FALSE
GP,M,15,U,GT3,T,4,4,health,health,other,father,1,1,no,yes,no,yes,yes,yes,no,5,4,2,1,1,5,0,yes,0,12,14,14,1,FALSE,0.08206317711417703,FALSE
GP,M,16,U,LE3,T,4,2,teacher,other,course,mother,1,2,no,no,yes,yes,yes,yes,no,4,5,1,1,3,5,0,no,1,14,14,15,2,FALSE,0.08176435253915162,FALSE
GP,M,16,U,LE3,T,2,2,other,other,reputation,mother,2,2,no,yes,yes,yes,yes,yes,no,5,4,4,2,4,5,0,no,1,12,12,11,3,TRUE,0.2853586836231659,FALSE
GP,F,15,R,GT3,T,2,4,services,health,course,mother,1,3,yes,yes,yes,yes,yes,yes,no,4,3,2,1,1,5,0,yes,2,10,10,9,1,FALSE,0.11017986420216937,FALSE
GP,F,16,U,GT3,T,2,2,services,services,home,mother,1,1,no,yes,no,no,yes,yes,no,1,2,2,1,3,5,1,yes,10,8,10,10,2,FALSE,0.37686931011184244,FALSE
GP,M,15,U,GT3,T,2,2,other,other,home,mother,1,1,no,yes,no,yes,yes,yes,no,4,2,2,1,2,5,0,yes,5,12,12,12,1.5,FALSE,0.11017768244726882,FALSE
GP,M,15,U,GT3,T,4,2,health,services,other,mother,1,1,no,no,no,yes,yes,yes,no,2,2,4,2,4,1,0,yes,2,13,14,13,3,TRUE,0.476764276456723,FALSE
GP,M,16,U,LE3,A,3,4,services,other,home,mother,1,2,yes,yes,yes,yes,yes,yes,no,5,3,3,1,1,5,0,no,3,12,12,12,1,FALSE,0.15389032566754463,FALSE
GP,M,16,U,GT3,T,4,4,teacher,teacher,home,mother,1,2,no,yes,yes,yes,yes,yes,yes,4,4,5,5,5,5,0,yes,10,11,12,12,5,TRUE,0.7066100174715526,TRUE
GP,M,15,U,GT3,T,4,4,health,services,home,mother,1,2,no,yes,no,no,yes,yes,no,5,4,2,3,4,5,0,yes,0,10,11,12,3.5,TRUE,0.08206317711417703,FALSE
GP,M,15,U,GT3,T,4,4,services,services,reputation,mother,2,2,no,yes,yes,yes,yes,yes,no,4,3,1,1,1,5,0,no,1,16,16,16,1,FALSE,0.05339029343038927,FALSE
GP,M,15,R,GT3,T,4,3,teacher,at_home,course,mother,1,2,no,yes,yes,yes,yes,yes,yes,4,5,2,1,1,5,0,no,0,15,15,16,1,FALSE,0.14375326229107566,FALSE
GP,M,15,U,LE3,T,3,3,other,other,course,mother,1,2,no,no,yes,no,yes,yes,no,5,3,2,1,1,2,0,no,0,10,11,12,1,FALSE,0.0664241340942762,FALSE
GP,M,16,U,GT3,T,3,2,other,other,home,mother,1,1,no,yes,no,no,yes,yes,no,5,4,3,1,1,5,0,yes,2,12,13,14,1,FALSE,0.17477071975641553,FALSE
GP,F,15,U,GT3,T,2,3,other,other,other,father,2,1,no,yes,yes,yes,yes,no,no,3,5,1,1,1,5,0,no,2,10,9,8,1,FALSE,0.12557578091505237,FALSE
GP,M,15,U,LE3,T,4,3,teacher,services,home,mother,1,3,no,yes,yes,yes,yes,yes,no,5,4,3,1,1,4,0,no,1,14,15,16,1,FALSE,0.164065237044657,FALSE
GP,M,16,R,GT3,A,4,4,other,teacher,reputation,mother,2,3,no,yes,yes,yes,yes,yes,yes,2,4,3,1,1,5,0,no,6,14,14,14,1,FALSE,0.48944736730471283,FALSE
GP,F,15,R,GT3,T,3,4,services,health,course,mother,1,3,yes,yes,yes,yes,yes,yes,no,4,3,2,1,1,5,0,yes,2,12,12,12,1,FALSE,0.11017986420216937,FALSE
GP,F,15,R,GT3,T,2,2,at_home,other,reputation,mother,1,1,yes,yes,yes,yes,yes,no,no,4,3,1,1,1,2,0,yes,8,14,13,12,1,FALSE,0.08765919623675995,FALSE
GP,F,16,U,LE3,T,2,2,other,other,home,mother,2,2,no,yes,yes,no,yes,yes,yes,3,3,3,1,2,3,0,no,20,9,10,10,1.5,FALSE,0.5970060991536891,TRUE
GP,M,15,U,LE3,T,4,4,teacher,other,home,other,1,1,no,yes,no,no,yes,yes,yes,5,4,3,2,4,5,0,no,8,11,12,12,3,TRUE,0.2505679316684919,FALSE
GP,M,15,U,GT3,T,4,4,services,teacher,course,father,1,2,no,yes,yes,yes,yes,yes,no,4,3,3,1,1,5,0,no,1,16,16,16,1,FALSE,0.1892711982459027,FALSE
GP,M,15,U,GT3,T,2,2,services,services,course,father,1,1,yes,yes,no,yes,yes,yes,no,5,4,1,1,1,1,0,no,0,8,9,10,1,FALSE,0.04209209153251525,FALSE
GP,F,16,U,LE3,T,2,2,other,at_home,course,father,2,2,yes,no,yes,yes,yes,yes,no,4,3,3,2,2,5,1,no,14,10,10,10,2,FALSE,0.3856934569325894,FALSE
GP,F,15,U,LE3,A,4,3,other,other,course,mother,1,2,yes,yes,yes,yes,yes,yes,yes,5,2,2,1,1,5,0,yes,6,9,10,8,1,FALSE,0.0820598244635288,FALSE
GP,F,16,U,LE3,A,3,3,other,services,home,mother,1,2,no,yes,no,yes,yes,yes,no,2,3,5,1,4,3,0,no,9,12,12,12,2.5,TRUE,0.7987123934253885,TRUE
GP,M,16,U,GT3,T,4,3,health,services,reputation,mother,1,4,no,no,yes,yes,yes,yes,no,4,2,2,1,1,2,0,no,3,18,18,18,1,FALSE,0.09611752549408527,FALSE
GP,M,15,U,GT3,T,4,2,teacher,other,home,mother,1,2,no,yes,no,yes,yes,no,no,4,3,3,2,2,5,0,yes,3,13,14,14,2,FALSE,0.21373575499039782,FALSE
GP,F,15,U,GT3,T,4,4,services,teacher,other,father,1,2,yes,yes,yes,no,yes,yes,no,4,4,4,1,1,3,0,no,2,10,10,10,1,FALSE,0.3917225346780508,FALSE
GP,F,16,U,LE3,T,2,2,services,services,course,mother,3,2,no,yes,no,yes,yes,yes,no,4,3,3,2,3,4,0,yes,1,13,13,13,2.5,TRUE,0.1892711982459027,FALSE
GP,F,15,U,LE3,T,4,2,health,other,other,mother,1,2,no,yes,no,yes,yes,yes,no,4,3,3,1,1,5,0,yes,1,14,14,14,1,FALSE,0.1892711982459027,FALSE
GP,M,15,U,LE3,A,4,2,health,health,other,father,2,1,no,no,no,yes,yes,no,no,5,5,5,3,4,5,0,no,5,10,10,10,3.5,TRUE,0.5805281462018195,TRUE
GP,F,15,U,GT3,T,4,4,services,services,course,mother,1,1,yes,yes,no,yes,yes,yes,no,3,3,4,2,3,5,0,yes,0,10,11,12,2.5,TRUE,0.3968173715264314,FALSE
GP,F,15,U,LE3,A,3,3,other,other,other,mother,1,1,no,no,no,yes,yes,yes,no,5,3,4,4,4,1,0,yes,3,12,12,13,4,TRUE,0.2700919312415941,FALSE
GP,F,16,U,GT3,A,2,1,other,other,other,mother,1,2,no,no,yes,yes,yes,yes,yes,5,3,4,1,1,2,0,yes,5,10,11,11,1,FALSE,0.30112299437878254,FALSE
GP,F,15,U,GT3,A,4,3,services,services,reputation,mother,1,2,no,yes,yes,yes,yes,yes,no,4,3,2,1,1,1,0,yes,0,14,14,15,1,FALSE,0.09611945890299894,FALSE
GP,M,15,U,GT3,T,4,4,teacher,health,reputation,mother,1,2,no,yes,yes,yes,yes,no,no,3,2,2,1,1,5,0,no,6,14,15,16,1,FALSE,0.16645385018279818,FALSE
GP,M,15,U,LE3,T,1,2,other,at_home,home,father,1,2,yes,yes,yes,yes,yes,yes,no,4,3,2,1,1,5,0,no,1,12,12,12,1,FALSE,0.10293733578184856,FALSE
GP,F,16,U,GT3,T,4,2,services,other,course,mother,1,2,no,yes,no,yes,yes,yes,no,4,2,3,1,1,5,0,no,2,16,16,16,1,FALSE,0.16700899207671935,FALSE
GP,F,16,R,GT3,T,4,4,health,teacher,other,mother,1,2,no,yes,yes,yes,yes,no,no,2,4,4,2,3,4,0,no,3,14,14,14,2.5,TRUE,0.6081959921356813,TRUE
GP,F,16,U,GT3,T,1,1,services,services,course,father,4,1,yes,yes,yes,no,yes,yes,yes,5,5,5,5,5,5,0,no,3,10,9,14,5,TRUE,0.5430783379254547,TRUE
GP,F,16,U,LE3,T,1,2,other,services,reputation,father,1,2,yes,no,yes,yes,yes,yes,no,4,4,3,1,1,1,0,no,2,10,12,10,1,FALSE,0.24042881745270864,FALSE
GP,F,16,U,GT3,T,4,3,teacher,health,home,mother,1,3,yes,yes,yes,yes,yes,yes,no,3,4,4,2,4,4,0,yes,1,12,11,11,3,TRUE,0.4714508025752078,FALSE
GP,F,15,U,LE3,T,4,3,services,services,reputation,father,1,2,yes,no,yes,yes,yes,yes,yes,4,4,4,2,4,2,0,no,0,12,11,11,3,TRUE,0.356112437210724,FALSE
GP,F,16,U,LE3,T,4,3,teacher,services,course,mother,3,2,no,yes,yes,yes,yes,yes,no,5,4,3,1,2,1,0,no,2,16,15,16,1.5,FALSE,0.17477071975641553,FALSE
GP,M,15,U,GT3,A,4,4,other,services,reputation,mother,1,4,no,yes,yes,no,yes,yes,yes,1,3,3,5,5,3,0,no,2,12,12,12,5,TRUE,0.4568368190445096,FALSE
GP,F,16,U,GT3,T,3,1,services,other,course,mother,1,4,yes,yes,no,yes,yes,yes,no,4,3,3,1,2,5,0,yes,2,8,8,8,1.5,FALSE,0.2012254881923341,FALSE
GP,F,15,R,LE3,T,2,2,health,services,reputation,mother,2,2,yes,yes,no,yes,yes,yes,no,4,1,3,1,3,4,0,yes,1,10,10,10,2,FALSE,0.12882388456490082,FALSE
GP,F,15,R,LE3,T,3,1,other,other,reputation,father,2,4,no,yes,no,no,yes,yes,no,4,4,2,2,3,3,0,no,9,16,16,16,2.5,TRUE,0.20950996477431894,FALSE
GP,M,16,U,GT3,T,3,1,other,other,reputation,father,2,4,no,yes,no,yes,yes,yes,no,4,3,2,1,1,5,0,yes,1,13,13,13,1,FALSE,0.10293733578184856,FALSE
GP,M,15,U,GT3,T,4,2,other,other,course,mother,1,4,no,no,no,yes,yes,yes,no,3,3,3,1,1,3,0,no,0,10,10,10,1,FALSE,0.24434634633166047,FALSE
GP,F,15,R,GT3,T,1,1,other,other,reputation,mother,1,2,yes,yes,no,no,yes,yes,yes,3,3,4,2,4,5,1,no,2,10,8,8,3,TRUE,0.43375582564109727,FALSE
GP,M,16,U,GT3,T,3,1,other,other,reputation,mother,1,1,no,no,yes,yes,yes,no,no,5,3,2,2,2,5,0,no,1,12,12,14,2,FALSE,0.0713018392218781,FALSE
GP,F,16,U,GT3,T,3,3,other,services,home,mother,1,2,yes,yes,yes,yes,yes,yes,no,4,3,3,2,4,5,0,yes,29,11,12,11,3,TRUE,0.662856667661261,TRUE
GP,M,15,U,GT3,T,4,3,teacher,other,home,mother,1,2,no,yes,yes,yes,yes,yes,no,4,3,3,2,3,5,0,yes,3,10,10,10,2.5,TRUE,0.21373575499039782,FALSE
GP,M,15,U,GT3,T,4,0,teacher,other,course,mother,2,4,no,no,yes,yes,yes,yes,no,3,4,3,1,1,1,0,no,4,12,11,10,1,FALSE,0.35519674639192367,FALSE
GP,F,16,U,GT3,T,2,2,other,other,reputation,mother,1,4,no,no,no,yes,yes,yes,yes,5,2,3,1,3,3,0,yes,0,12,12,12,2,FALSE,0.10330483571800037,FALSE
GP,M,17,U,GT3,T,2,1,other,other,home,mother,2,1,yes,yes,yes,yes,no,yes,no,4,5,1,1,1,3,3,no,1,8,8,10,1,FALSE,0.08176435253915162,FALSE
GP,F,16,U,GT3,T,3,4,at_home,other,course,mother,1,2,no,yes,no,yes,yes,yes,no,2,4,3,1,2,3,0,no,13,8,8,8,1.5,FALSE,0.6202204509424679,TRUE
GP,M,15,U,GT3,T,2,3,other,services,course,father,1,1,yes,yes,yes,no,yes,yes,yes,3,2,2,1,3,3,0,yes,1,10,12,12,2,FALSE,0.12010126473937766,FALSE
GP,M,15,U,GT3,T,2,3,other,other,home,mother,1,3,yes,no,no,no,yes,yes,no,5,3,2,1,2,5,0,yes,3,10,10,10,1.5,FALSE,0.08206150077326184,FALSE
GP,F,15,U,LE3,T,3,2,services,other,reputation,mother,1,2,no,yes,no,yes,yes,yes,no,4,4,4,1,1,5,0,yes,7,10,8,8,1,FALSE,0.48511021069445065,FALSE
GP,M,15,U,LE3,T,2,2,services,services,home,mother,2,2,no,no,yes,yes,yes,yes,no,5,3,3,1,3,4,0,yes,3,14,14,14,2,FALSE,0.15389032566754463,FALSE
GP,F,15,U,GT3,T,1,1,other,other,home,father,1,2,no,yes,yes,no,yes,yes,no,4,3,2,2,3,4,0,no,2,11,11,11,2.5,TRUE,0.11017986420216937,FALSE
GP,F,15,U,GT3,T,4,4,services,services,reputation,father,2,2,no,no,no,yes,yes,yes,yes,4,4,4,2,3,5,1,yes,5,10,10,10,2.5,TRUE,0.4472527409921071,FALSE
GP,F,16,U,LE3,T,2,2,at_home,other,course,mother,1,2,no,yes,no,yes,yes,no,no,4,3,4,1,2,2,0,no,5,10,9,8,1.5,FALSE,0.3917172321313424,FALSE
GP,F,15,U,GT3,T,4,2,other,other,reputation,mother,1,3,no,yes,yes,yes,yes,yes,no,5,3,3,1,3,1,0,no,4,14,14,14,2,FALSE,0.16406218499935699,FALSE
GP,M,16,U,GT3,T,2,2,services,other,reputation,father,2,2,no,no,yes,no,yes,yes,no,4,4,2,1,1,3,0,yes,9,12,10,10,1,FALSE,0.20950996477431894,FALSE
GP,M,16,U,LE3,A,4,4,teacher,health,reputation,mother,1,2,no,yes,no,yes,yes,no,no,4,1,3,3,5,5,0,no,12,8,8,8,4,TRUE,0.2545868458611382,FALSE
GP,F,16,U,GT3,T,3,3,other,other,home,mother,1,3,no,yes,no,yes,yes,yes,yes,4,3,3,1,3,4,0,yes,1,8,9,10,2,FALSE,0.1892711982459027,FALSE
GP,F,15,U,GT3,T,4,3,services,other,reputation,mother,1,1,no,no,yes,yes,yes,yes,no,4,5,5,1,3,1,0,yes,5,15,15,16,2,FALSE,0.6741022680712342,TRUE
GP,F,16,U,LE3,T,3,1,other,other,home,father,1,2,yes,yes,no,yes,yes,no,no,3,3,3,2,3,2,0,no,2,10,10,9,2.5,TRUE,0.27352794340662573,FALSE
GP,F,16,U,GT3,T,4,2,teacher,services,home,mother,2,2,no,yes,yes,yes,yes,yes,no,5,3,3,1,1,1,0,yes,1,12,12,12,1,FALSE,0.13509878465993572,FALSE
GP,M,15,U,LE3,T,2,2,services,health,reputation,mother,1,4,no,yes,yes,yes,yes,yes,no,4,3,4,1,1,4,0,no,4,11,12,13,1,FALSE,0.37374129048959437,FALSE
GP,F,15,R,GT3,T,1,1,at_home,other,home,mother,2,4,yes,yes,yes,yes,yes,yes,no,3,1,2,1,1,1,0,yes,3,10,12,12,1,FALSE,0.11228664702420968,FALSE
GP,M,16,R,GT3,T,4,3,services,other,reputation,mother,2,1,yes,yes,yes,no,yes,yes,no,3,3,3,1,1,4,0,no,4,10,13,13,1,FALSE,0.3047889294449633,FALSE
GP,F,16,U,GT3,T,2,1,other,other,course,mother,1,2,no,yes,no,yes,yes,no,yes,4,3,5,1,1,5,0,yes,1,10,10,11,1,FALSE,0.4914389647827818,FALSE
GP,F,16,U,GT3,T,4,4,other,other,reputation,mother,1,1,no,no,yes,no,yes,yes,no,5,3,4,1,2,1,0,no,5,12,14,14,1.5,FALSE,0.30112299437878254,FALSE
GP,F,16,U,GT3,T,4,3,other,at_home,course,mother,1,3,yes,yes,no,yes,yes,yes,no,5,3,5,1,1,3,0,yes,1,10,11,10,1,FALSE,0.3926697375247031,FALSE
GP,M,16,U,GT3,T,4,4,services,services,other,mother,1,1,yes,yes,yes,yes,yes,yes,no,4,5,5,5,5,4,0,yes,13,8,8,6,5,TRUE,0.7917652924857865,TRUE
GP,M,16,U,GT3,T,4,4,services,teacher,other,father,1,3,no,yes,yes,yes,yes,yes,yes,4,4,3,1,1,4,0,no,0,16,16,16,1,FALSE,0.2137394948365667,FALSE
GP,M,15,U,GT3,T,4,4,services,other,course,mother,1,1,no,yes,yes,no,yes,yes,no,5,3,3,1,1,5,0,no,3,11,13,13,1,FALSE,0.15389032566754463,FALSE
GP,F,15,U,GT3,T,3,2,services,other,home,mother,2,2,yes,yes,no,yes,yes,yes,no,4,3,5,1,1,2,0,yes,21,9,8,8,1,FALSE,0.8157410538753354,TRUE
GP,M,15,U,GT3,A,3,4,services,other,course,mother,1,2,no,yes,yes,yes,yes,yes,no,5,4,4,1,1,1,0,yes,0,16,17,17,1,FALSE,0.2700963184398702,FALSE
GP,F,15,U,GT3,A,3,3,other,health,reputation,father,1,4,yes,no,no,yes,yes,no,no,4,3,3,1,1,4,0,no,10,10,10,10,1,FALSE,0.316511201918935,FALSE
GP,F,15,U,GT3,T,2,2,other,other,course,mother,1,4,yes,yes,no,yes,yes,yes,no,5,1,2,1,1,3,0,yes,6,8,9,9,1,FALSE,0.06642137413675178,FALSE
GP,M,16,U,GT3,T,3,3,services,other,home,father,1,3,no,yes,yes,yes,yes,yes,no,5,3,3,1,1,5,0,no,3,14,16,16,1,FALSE,0.15389032566754463,FALSE
GP,M,15,R,GT3,T,4,4,other,other,home,father,4,4,no,yes,yes,yes,yes,yes,yes,1,3,5,3,5,1,0,yes,7,11,12,12,4,TRUE,0.8358848118544632,TRUE
GP,F,16,U,LE3,T,4,4,health,health,other,mother,1,3,no,yes,yes,yes,yes,yes,yes,5,4,5,1,1,4,0,yes,3,14,15,15,1,FALSE,0.4861083285833505,FALSE
GP,M,15,U,LE3,A,4,4,teacher,teacher,course,mother,1,1,no,no,yes,yes,yes,yes,no,5,5,3,1,1,4,0,no,5,16,16,16,1,FALSE,0.2505721106017698,FALSE
GP,F,16,R,GT3,T,3,3,services,other,reputation,father,1,3,yes,yes,yes,yes,yes,yes,no,4,1,2,1,1,2,0,no,2,9,10,10,1,FALSE,0.07272598224580466,FALSE
GP,F,16,U,GT3,T,2,2,at_home,other,home,mother,1,2,yes,no,yes,yes,yes,yes,no,3,1,2,1,1,5,1,no,9,9,12,12,1,FALSE,0.16645076255077187,FALSE
GP,M,15,U,LE3,T,4,2,teacher,other,course,mother,1,1,no,no,no,yes,yes,yes,no,3,5,2,1,1,3,0,no,10,18,18,18,1,FALSE,0.34941703677512415,FALSE
GP,M,15,R,GT3,T,2,1,health,services,reputation,mother,1,2,no,no,yes,yes,yes,yes,yes,5,4,2,1,1,5,0,no,6,10,9,10,1,FALSE,0.12367948878603277,FALSE
GP,M,16,U,GT3,T,4,4,teacher,teacher,course,father,1,2,no,yes,yes,yes,yes,yes,no,5,4,4,1,2,5,0,no,4,16,14,15,1.5,FALSE,0.3340923651163439,FALSE
GP,M,15,U,GT3,T,4,4,other,teacher,reputation,father,2,2,no,yes,yes,yes,yes,no,no,4,4,3,1,1,2,0,no,3,14,14,15,1,FALSE,0.25459951557039207,FALSE
GP,M,16,U,GT3,T,3,3,other,services,home,father,2,1,no,no,yes,yes,yes,yes,no,5,4,2,1,1,5,0,no,3,14,14,14,1,FALSE,0.10098399406554623,FALSE
GP,M,17,R,GT3,T,1,3,other,other,course,father,3,2,no,yes,yes,yes,yes,yes,no,5,2,4,1,4,5,1,no,17,10,9,10,2.5,TRUE,0.46081125423725117,FALSE
GP,M,15,U,GT3,T,3,4,other,other,reputation,father,1,1,no,no,no,yes,yes,yes,no,3,4,3,1,2,4,0,no,4,14,13,14,1.5,FALSE,0.35519674639192367,FALSE
GP,F,15,U,GT3,T,1,2,at_home,services,course,mother,1,2,no,no,no,no,yes,yes,no,3,2,3,1,2,1,0,no,1,15,14,14,1.5,FALSE,0.21734280084840402,FALSE
GP,M,15,U,GT3,T,2,2,services,services,home,father,1,4,no,yes,yes,yes,yes,yes,no,5,5,4,1,2,5,0,yes,6,15,14,14,1.5,FALSE,0.42330742666725635,FALSE
GP,F,16,U,LE3,T,2,4,other,health,course,father,2,2,no,yes,yes,yes,yes,yes,yes,4,2,2,1,2,5,0,yes,2,14,12,13,1.5,FALSE,0.08970617719398888,FALSE
GP,M,16,U,GT3,T,4,4,health,other,course,mother,1,1,no,yes,yes,yes,yes,yes,no,3,4,4,1,4,5,0,no,11,13,12,13,2.5,TRUE,0.656261930183484,TRUE
GP,F,16,U,GT3,T,2,2,other,other,home,mother,1,2,no,no,no,yes,yes,yes,yes,5,4,4,1,1,5,0,yes,0,10,9,10,1,FALSE,0.2700963184398702,FALSE
GP,M,15,U,GT3,T,3,4,services,services,home,father,1,1,yes,no,no,yes,yes,yes,no,5,5,5,3,2,5,0,no,1,11,11,10,2.5,TRUE,0.5051351650895209,TRUE
GP,F,15,U,LE3,A,3,4,other,other,home,mother,1,2,yes,no,yes,yes,yes,yes,yes,5,3,2,1,1,1,0,no,0,8,10,11,1,FALSE,0.0664241340942762,FALSE
GP,F,19,U,GT3,T,0,1,at_home,other,course,other,1,2,no,yes,no,no,no,no,no,3,4,2,1,1,5,2,no,1,8,9,10,1,FALSE,0.1772886305664716,FALSE
GP,M,16,R,GT3,T,4,4,teacher,teacher,course,mother,1,1,no,no,yes,yes,yes,yes,no,3,5,5,2,5,4,0,yes,8,16,16,16,3.5,TRUE,0.7952643452034451,TRUE
GP,F,15,R,GT3,T,3,4,services,teacher,course,father,2,3,no,yes,no,yes,yes,yes,yes,4,2,2,2,2,5,1,no,0,11,6,6,2,FALSE,0.07802937280596736,FALSE
GP,F,15,U,GT3,T,1,1,at_home,other,course,mother,3,1,no,yes,yes,no,yes,yes,yes,4,3,3,1,2,4,0,no,3,10,6,6,1.5,FALSE,0.21373575499039782,FALSE
GP,F,17,U,LE3,T,2,2,other,other,course,father,1,1,no,yes,no,yes,yes,yes,yes,3,4,4,1,3,5,0,no,7,12,12,12,2,FALSE,0.584744152758454,TRUE
GP,F,16,U,GT3,A,3,4,services,other,course,father,1,1,no,no,no,yes,yes,yes,no,3,2,1,1,4,5,0,no,14,14,12,12,2.5,TRUE,0.15284975325766156,FALSE
GP,M,15,R,GT3,T,3,4,at_home,teacher,course,mother,4,2,no,yes,no,yes,yes,no,yes,5,3,3,1,1,5,0,no,1,10,6,6,1,FALSE,0.13509878465993572,FALSE
GP,F,15,U,GT3,T,4,4,services,at_home,course,mother,1,3,no,yes,yes,yes,yes,yes,yes,4,3,3,1,1,5,0,no,2,12,7,8,1,FALSE,0.2012254881923341,FALSE
GP,M,17,R,GT3,T,3,4,at_home,other,course,mother,3,2,no,no,no,yes,yes,no,no,5,4,5,2,4,5,0,no,1,10,4,5,3,TRUE,0.44824077628305176,FALSE
GP,F,16,U,GT3,A,3,3,other,other,course,other,2,1,no,yes,yes,no,yes,yes,yes,4,3,2,1,1,5,1,no,2,6,4,5,1,FALSE,0.11017986420216937,FALSE
GP,M,16,U,LE3,T,1,1,services,other,course,mother,1,2,no,no,no,yes,yes,no,yes,4,4,4,1,3,5,2,no,0,12,11,11,2,FALSE,0.356112437210724,FALSE
GP,F,15,U,GT3,T,4,4,teacher,teacher,course,mother,2,1,no,no,yes,yes,yes,yes,no,4,3,2,1,1,5,0,no,3,14,15,14,1,FALSE,0.11786501395880804,FALSE
GP,M,15,U,GT3,T,4,3,teacher,services,course,father,2,4,yes,yes,no,yes,yes,yes,no,2,2,2,1,1,3,0,no,3,8,10,6,1,FALSE,0.19194597272604236,FALSE
GP,M,16,U,LE3,T,2,2,services,services,reputation,father,2,1,no,yes,yes,yes,yes,yes,no,2,3,3,2,2,2,1,no,6,10,10,10,2,FALSE,0.43277467559008465,FALSE
GP,F,15,U,GT3,T,4,4,teacher,services,course,mother,1,3,no,yes,yes,yes,yes,yes,no,4,2,2,1,1,5,0,yes,2,11,12,12,1,FALSE,0.08970617719398888,FALSE
GP,F,16,U,LE3,T,1,1,at_home,at_home,course,mother,1,1,no,no,no,yes,yes,yes,no,3,4,4,3,3,1,0,no,3,12,12,12,3,TRUE,0.5094686433057823,TRUE
GP,M,17,U,GT3,T,2,1,other,other,home,mother,1,1,no,yes,no,yes,yes,yes,no,5,4,5,1,2,5,2,no,11,7,4,3,1.5,FALSE,0.6348823229614208,TRUE
GP,F,15,U,GT3,T,1,1,other,services,course,father,1,2,no,yes,no,yes,yes,yes,no,4,4,2,1,2,5,0,yes,0,10,12,12,1.5,FALSE,0.11786732777532907,FALSE
GP,F,15,U,GT3,T,3,2,health,services,home,father,1,2,no,yes,no,yes,yes,yes,no,3,3,2,1,1,3,2,no,1,8,9,6,1,FALSE,0.14639639356750822,FALSE
GP,F,15,U,GT3,T,1,2,at_home,other,course,mother,1,2,no,yes,no,no,yes,yes,no,4,3,2,1,1,5,0,yes,4,12,12,12,1,FALSE,0.12601029891238605,FALSE
GP,M,16,U,GT3,T,4,4,teacher,teacher,course,mother,1,1,no,yes,no,yes,no,yes,yes,3,3,2,2,1,5,0,no,8,8,8,4,1.5,FALSE,0.22610300256150592,FALSE
GP,M,15,U,LE3,A,2,1,services,other,course,mother,4,1,no,no,no,yes,yes,yes,no,4,5,5,2,5,5,2,no,0,10,10,10,3.5,TRUE,0.5857194727117746,TRUE
GP,M,18,U,LE3,T,1,1,other,other,course,mother,1,1,no,no,no,yes,no,yes,yes,2,3,5,2,5,4,2,no,0,8,7,0,3.5,TRUE,0.6667150895456591,TRUE
GP,M,16,U,LE3,T,2,1,at_home,other,course,mother,1,1,no,no,yes,yes,yes,no,yes,4,4,4,3,5,5,1,no,6,10,12,12,4,TRUE,0.46613271426066916,FALSE
GP,F,15,R,GT3,T,3,3,services,services,reputation,other,2,3,no,yes,yes,yes,yes,yes,yes,4,2,1,2,3,3,1,yes,5,12,12,12,2.5,TRUE,0.05736850062799678,FALSE
GP,M,19,U,GT3,T,3,2,services,at_home,home,mother,1,1,no,yes,no,yes,no,yes,yes,4,5,4,1,1,4,2,no,3,8,4,6,1,FALSE,0.46613825220372496,FALSE
GP,F,17,U,GT3,T,4,4,other,teacher,course,mother,1,1,yes,yes,no,yes,yes,no,yes,4,2,1,1,1,4,0,no,0,12,12,12,1,FALSE,0.03993757718203818,FALSE
GP,M,15,R,GT3,T,2,3,at_home,services,course,mother,1,2,yes,no,yes,yes,yes,no,no,4,4,4,1,1,1,0,yes,1,9,8,8,1,FALSE,0.37374649921359265,FALSE
GP,M,17,R,LE3,T,1,2,other,other,reputation,mother,1,1,no,no,no,yes,yes,no,no,2,2,2,3,3,5,2,no,11,12,10,12,3,TRUE,0.30393820546388645,FALSE
GP,F,18,R,GT3,T,1,1,at_home,other,course,mother,3,1,no,yes,yes,no,yes,no,no,5,2,5,1,5,4,3,no,6,10,9,10,3,TRUE,0.4294915647367316,FALSE
GP,M,16,R,GT3,T,2,2,at_home,other,course,mother,3,1,no,no,no,no,yes,no,no,4,2,2,1,2,3,0,no,3,14,12,13,1.5,FALSE,0.09611752549408527,FALSE
GP,M,16,U,GT3,T,3,3,other,services,course,father,1,2,no,yes,no,yes,yes,yes,yes,4,5,5,4,4,5,1,yes,2,10,11,6,4,TRUE,0.6221062555354125,TRUE
GP,M,17,R,LE3,T,2,1,at_home,other,course,mother,2,1,no,no,yes,yes,no,yes,yes,3,3,2,2,2,5,2,no,4,8,7,4,2,FALSE,0.17728538470088667,FALSE
GP,M,17,R,LE3,T,1,1,other,services,course,mother,4,2,no,no,yes,yes,no,no,yes,5,3,5,1,5,5,2,no,0,6,8,8,3,TRUE,0.3746770092170578,FALSE
GP,M,16,U,GT3,T,2,2,other,other,course,father,1,2,no,no,no,yes,no,yes,no,4,3,5,2,4,4,0,no,2,10,10,10,3,TRUE,0.5104616306485914,TRUE
GP,F,16,U,GT3,T,4,2,health,services,home,father,1,2,no,no,no,yes,yes,yes,yes,4,2,3,1,1,3,0,yes,0,16,16,17,1,FALSE,0.14689364160024765,FALSE
GP,F,16,U,GT3,T,2,2,other,other,home,mother,1,2,no,yes,no,no,yes,yes,no,5,1,5,1,1,4,0,yes,0,9,10,6,1,FALSE,0.275109945492068,FALSE
GP,F,16,U,GT3,T,4,4,health,health,reputation,mother,1,2,no,yes,no,yes,yes,yes,yes,4,4,2,1,1,3,0,yes,0,15,15,16,1,FALSE,0.11786732777532907,FALSE
GP,M,16,U,GT3,T,3,4,other,other,course,father,3,1,no,yes,yes,no,yes,yes,no,3,4,5,2,4,2,2,no,2,8,7,5,3,TRUE,0.6619579166964397,TRUE
GP,M,16,U,GT3,T,1,0,other,other,reputation,mother,2,2,no,yes,yes,yes,yes,yes,yes,4,3,2,1,1,3,0,yes,1,14,16,17,1,FALSE,0.10293733578184856,FALSE
GP,M,17,U,LE3,T,4,4,teacher,other,reputation,mother,1,2,no,yes,yes,yes,yes,yes,no,4,4,4,1,3,5,0,yes,0,12,10,10,2,FALSE,0.356112437210724,FALSE
GP,F,16,U,GT3,T,1,3,at_home,services,home,mother,1,2,no,no,yes,no,yes,yes,yes,4,3,5,1,1,3,2,no,0,11,10,6,1,FALSE,0.47244105721345,FALSE
GP,F,16,U,LE3,T,3,3,other,other,reputation,mother,2,2,no,yes,yes,yes,yes,yes,no,4,4,5,1,1,4,0,yes,2,12,12,12,1,FALSE,0.567135925739839,TRUE
GP,M,17,U,LE3,T,4,3,teacher,other,course,mother,2,2,no,no,yes,yes,yes,yes,no,4,4,4,4,4,4,0,yes,2,10,10,10,4,TRUE,0.3917225346780508,FALSE
GP,F,16,U,GT3,T,2,2,services,other,reputation,mother,2,2,no,no,yes,no,yes,yes,no,3,4,4,1,4,5,0,yes,1,13,12,12,2.5,TRUE,0.4714508025752078,FALSE
GP,M,17,U,GT3,T,3,3,other,other,reputation,father,1,2,no,no,yes,no,yes,yes,no,4,3,4,1,4,4,0,no,4,8,7,8,2.5,TRUE,0.37374129048959437,FALSE
GP,M,16,R,GT3,T,4,2,teacher,services,other,mother,1,1,no,yes,yes,yes,yes,yes,yes,4,3,3,3,4,3,0,no,9,10,8,10,3.5,TRUE,0.30028275894299533,FALSE
GP,M,17,U,GT3,T,4,3,other,other,course,mother,1,2,no,yes,yes,yes,yes,yes,yes,5,2,3,1,1,2,0,no,4,10,10,12,1,FALSE,0.13509618438249293,FALSE
GP,M,16,U,GT3,T,4,3,teacher,other,home,mother,1,2,no,yes,yes,yes,yes,yes,no,3,4,3,2,3,3,0,yes,7,10,9,10,2.5,TRUE,0.4090308996043347,FALSE
GP,M,16,U,GT3,T,3,3,services,other,home,mother,1,2,no,no,yes,yes,yes,yes,yes,4,2,3,1,2,3,0,yes,1,12,12,12,1.5,FALSE,0.15668867642751463,FALSE
GP,F,17,U,GT3,T,2,4,services,services,reputation,father,1,2,no,yes,yes,yes,yes,no,no,5,4,2,2,3,5,0,no,0,16,18,17,2.5,TRUE,0.08206317711417703,FALSE
GP,F,17,U,LE3,T,3,3,other,other,reputation,mother,1,2,no,yes,yes,yes,yes,yes,yes,5,3,3,2,3,1,0,no,44,12,11,11,2.5,TRUE,0.804662806194129,TRUE
GP,F,16,U,GT3,T,3,2,other,other,reputation,mother,1,2,no,yes,no,yes,yes,yes,no,1,2,2,1,2,1,0,yes,11,13,14,14,1.5,FALSE,0.39490083201051895,FALSE
GP,M,17,U,GT3,T,3,3,services,services,other,mother,1,2,no,yes,yes,yes,yes,yes,yes,4,3,4,2,3,4,0,no,9,12,12,12,2.5,TRUE,0.4661271763259608,FALSE
GP,M,16,U,GT3,T,1,2,services,services,other,mother,1,1,no,yes,yes,yes,yes,yes,yes,3,3,3,1,2,3,0,yes,1,10,10,11,1.5,FALSE,0.25866930980747455,FALSE
GP,M,16,U,LE3,T,2,1,other,other,course,mother,1,2,no,no,yes,yes,yes,yes,yes,4,2,3,1,2,5,0,yes,0,14,14,16,1.5,FALSE,0.14689364160024765,FALSE
GP,F,17,U,GT3,A,3,3,health,other,reputation,mother,1,2,no,yes,no,no,yes,yes,yes,3,3,3,1,3,3,0,no,8,10,10,12,2,FALSE,0.3728065154294622,FALSE
GP,M,17,R,GT3,T,1,2,at_home,other,home,mother,1,2,no,no,no,yes,yes,no,no,3,1,3,1,5,3,0,no,5,8,9,10,3,TRUE,0.2305619068674989,FALSE
GP,F,16,U,GT3,T,2,3,services,services,course,mother,1,2,no,no,no,yes,yes,yes,no,4,3,3,1,1,2,0,no,8,12,12,13,1,FALSE,0.2845399961534475,FALSE
GP,F,17,U,GT3,T,1,1,at_home,services,course,mother,1,2,no,no,yes,yes,yes,yes,no,5,3,3,1,1,3,0,no,0,10,10,10,1,FALSE,0.12645101930616273,FALSE
GP,M,17,U,GT3,T,1,2,at_home,services,other,other,2,2,no,no,yes,no,yes,yes,no,4,4,4,4,5,5,0,yes,14,8,10,10,4.5,TRUE,0.6161229118815487,TRUE
GP,M,16,R,GT3,T,3,3,services,services,reputation,mother,1,1,no,yes,yes,yes,yes,yes,no,4,3,2,3,4,5,0,no,4,10,10,10,3.5,TRUE,0.12601029891238605,FALSE
GP,M,16,U,GT3,T,2,3,other,other,home,father,2,1,no,no,no,yes,yes,yes,no,5,3,3,1,1,3,0,no,0,13,13,13,1,FALSE,0.12645101930616273,FALSE
GP,F,17,U,LE3,T,2,4,services,services,course,father,1,2,no,no,yes,yes,yes,yes,yes,4,3,2,1,1,5,0,no,4,14,15,16,1,FALSE,0.12601029891238605,FALSE
GP,M,17,U,GT3,T,4,4,services,teacher,home,mother,1,1,no,no,no,yes,yes,yes,no,5,2,3,1,2,5,0,no,4,15,14,15,1.5,FALSE,0.13509618438249293,FALSE
GP,M,16,R,LE3,T,3,3,teacher,other,home,father,3,1,no,yes,yes,yes,yes,yes,no,3,3,4,3,5,3,0,yes,12,10,10,11,4,TRUE,0.6211559558349019,TRUE
GP,F,17,U,GT3,T,4,4,services,teacher,home,mother,2,1,no,yes,no,yes,yes,yes,no,4,2,4,2,3,2,1,no,27,16,16,17,2.5,TRUE,0.7321935513176899,TRUE
GP,F,16,U,LE3,T,4,4,teacher,teacher,reputation,mother,1,2,no,yes,no,yes,yes,yes,no,4,5,2,1,2,3,0,yes,0,10,10,10,1.5,FALSE,0.14375326229107566,FALSE
GP,F,16,U,GT3,T,4,3,health,other,home,mother,1,2,no,yes,yes,yes,yes,yes,no,4,3,5,1,5,2,0,no,2,15,15,16,3,TRUE,0.5104616306485914,TRUE
GP,F,16,U,GT3,T,2,3,other,other,reputation,mother,1,2,yes,yes,yes,yes,yes,no,no,4,4,3,1,3,4,0,yes,5,10,11,11,2,FALSE,0.2845445265480361,FALSE
GP,F,17,U,GT3,T,1,1,other,other,course,mother,1,2,no,yes,no,no,yes,no,no,4,4,4,1,3,1,0,yes,2,12,12,12,2,FALSE,0.3917225346780508,FALSE
GP,F,17,R,GT3,T,2,2,other,other,reputation,mother,1,1,no,yes,no,yes,yes,yes,no,5,3,2,1,2,3,0,no,20,10,10,10,1.5,FALSE,0.24583336770120176,FALSE
GP,F,16,R,GT3,T,2,2,services,services,reputation,mother,2,4,no,yes,yes,no,yes,yes,no,5,3,5,1,1,5,0,yes,6,12,12,12,1,FALSE,0.4861027694156859,FALSE
GP,F,17,U,GT3,T,3,4,at_home,services,home,mother,1,3,no,yes,no,yes,yes,yes,yes,4,4,3,3,4,5,1,yes,21,9,9,8,3.5,TRUE,0.5733597691303363,TRUE
GP,F,16,U,GT3,A,3,1,services,other,course,mother,1,2,no,yes,no,yes,yes,yes,no,2,3,3,2,2,4,2,yes,4,9,9,10,2,FALSE,0.395861362956556,FALSE
GP,F,16,U,GT3,T,4,3,teacher,other,other,mother,1,2,no,no,yes,yes,yes,yes,yes,1,3,2,1,1,1,0,yes,7,12,14,14,1,FALSE,0.3768745361956457,FALSE
GP,F,16,U,GT3,T,1,1,at_home,other,home,mother,2,1,no,yes,no,yes,yes,no,no,4,3,2,1,4,5,0,yes,4,10,11,12,2.5,TRUE,0.12601029891238605,FALSE
GP,F,17,R,GT3,T,4,3,teacher,other,reputation,mother,2,3,no,yes,yes,yes,yes,yes,yes,4,4,2,1,1,4,0,yes,3,9,10,10,1,FALSE,0.14375052312438583,FALSE
GP,F,19,U,GT3,T,3,3,other,other,reputation,other,1,4,no,yes,yes,yes,yes,yes,no,4,3,3,1,2,3,0,yes,7,10,10,10,1.5,FALSE,0.26930491754116753,FALSE
GP,M,17,U,LE3,T,4,4,services,other,home,mother,1,2,no,yes,no,yes,yes,yes,yes,5,3,5,4,5,3,0,yes,14,12,12,12,4.5,TRUE,0.6348771643517959,TRUE
GP,F,16,U,GT3,A,2,2,other,other,reputation,mother,1,2,yes,yes,no,yes,yes,yes,no,3,3,4,1,1,4,0,yes,0,12,13,14,1,FALSE,0.3968173715264314,FALSE
GP,M,18,U,GT3,T,2,2,services,other,home,mother,1,2,no,yes,yes,yes,yes,yes,no,4,4,4,2,4,5,0,yes,12,9,9,10,3,TRUE,0.5795493777322455,TRUE
GP,F,17,R,LE3,T,4,4,services,other,other,mother,1,1,no,yes,no,yes,yes,no,no,5,2,1,1,2,3,0,yes,9,10,10,10,1.5,FALSE,0.05232011218469262,FALSE
GP,F,17,U,LE3,T,3,2,other,other,reputation,mother,2,2,no,no,no,yes,yes,yes,no,4,4,4,1,3,1,0,yes,2,14,16,15,2,FALSE,0.3917225346780508,FALSE
GP,F,17,U,GT3,T,4,3,other,other,reputation,mother,1,2,no,no,no,yes,yes,yes,yes,3,4,5,2,4,1,1,yes,19,8,8,7,3,TRUE,0.8771521216850863,TRUE
GP,M,18,U,LE3,T,3,3,services,health,home,father,1,2,no,yes,no,yes,yes,yes,no,3,2,4,2,4,4,0,yes,12,8,8,9,3,TRUE,0.5661437958560743,TRUE
GP,F,17,U,GT3,T,2,3,at_home,other,home,father,2,1,no,yes,no,yes,yes,no,no,3,3,3,1,4,3,0,yes,4,10,10,10,2.5,TRUE,0.3047889294449633,FALSE
GP,F,17,U,GT3,T,2,2,at_home,at_home,course,mother,1,3,no,yes,yes,yes,yes,yes,no,4,3,3,1,1,4,0,yes,2,10,11,12,1,FALSE,0.2012254881923341,FALSE
GP,F,17,R,GT3,T,2,1,at_home,services,reputation,mother,2,2,no,yes,yes,yes,yes,yes,no,4,2,5,1,2,5,0,no,1,8,8,8,1.5,FALSE,0.4347320265720991,FALSE
GP,F,17,U,GT3,T,1,1,at_home,other,reputation,mother,1,3,no,yes,yes,yes,yes,no,yes,4,3,4,1,1,5,0,no,6,9,8,6,1,FALSE,0.4099917454608322,FALSE
GP,F,16,U,GT3,T,2,3,services,teacher,other,mother,1,2,yes,no,no,yes,yes,yes,no,2,3,1,1,1,3,0,no,1,14,14,16,1,FALSE,0.11189339337257986,FALSE
GP,M,18,U,GT3,T,2,2,other,other,home,mother,2,2,no,yes,no,yes,yes,yes,no,3,3,3,5,5,4,2,yes,4,11,11,12,5,TRUE,0.3047889294449633,FALSE
GP,F,16,U,GT3,T,4,4,teacher,services,home,mother,1,3,no,yes,yes,no,yes,yes,no,5,3,2,1,1,5,0,no,2,14,14,15,1,FALSE,0.07650837371150344,FALSE
GP,F,18,R,GT3,T,3,1,other,other,reputation,mother,1,2,no,no,yes,yes,yes,yes,yes,5,3,3,1,1,4,0,no,10,8,8,8,1,FALSE,0.2365463972917228,FALSE
GP,F,17,U,GT3,T,3,2,other,other,course,mother,1,2,no,no,yes,no,yes,yes,no,5,3,4,1,3,3,0,no,6,16,16,16,2,FALSE,0.3173762501524971,FALSE
GP,M,17,U,LE3,T,2,3,services,services,reputation,father,1,2,no,yes,no,no,yes,yes,no,5,3,3,1,3,3,0,yes,1,11,11,12,2,FALSE,0.13509878465993572,FALSE
GP,M,18,U,LE3,T,2,1,at_home,other,course,mother,4,2,yes,yes,yes,yes,yes,yes,yes,4,3,2,4,5,3,0,yes,8,10,9,10,4.5,TRUE,0.16351491556812886,FALSE
GP,F,17,U,GT3,A,2,1,other,other,course,mother,2,3,no,no,yes,yes,yes,yes,yes,3,2,3,1,2,3,0,no,5,14,12,14,1.5,FALSE,0.2735235213561961,FALSE
GP,F,17,U,LE3,T,4,3,health,other,reputation,father,1,2,no,no,yes,yes,yes,yes,yes,3,2,3,1,2,3,0,no,7,14,12,13,1.5,FALSE,0.30478421403728106,FALSE
GP,M,17,R,GT3,T,2,2,other,other,course,father,2,2,no,yes,yes,yes,yes,yes,no,4,5,2,1,1,1,0,yes,2,12,12,12,1,FALSE,0.16352100332558392,FALSE
GP,M,17,U,GT3,T,4,4,teacher,teacher,reputation,mother,1,2,yes,yes,yes,yes,yes,yes,yes,4,5,5,1,3,2,0,no,7,12,11,11,2,FALSE,0.7066146309483435,TRUE
GP,M,16,U,GT3,T,4,4,health,other,reputation,father,1,2,no,yes,yes,yes,yes,yes,no,4,2,4,2,4,1,0,yes,1,14,13,14,3,TRUE,0.2743182351176875,FALSE
GP,M,16,U,LE3,T,1,1,other,other,home,mother,2,2,no,yes,no,yes,yes,yes,no,3,4,2,1,1,5,0,yes,10,9,8,8,1,FALSE,0.2994485318699138,FALSE
GP,M,16,U,GT3,T,3,2,at_home,other,reputation,mother,2,3,no,no,yes,yes,yes,yes,yes,5,3,3,1,3,2,0,no,5,12,10,11,2,FALSE,0.17476751019695305,FALSE
GP,M,17,U,LE3,T,2,2,other,other,home,father,1,2,no,no,yes,no,yes,yes,yes,4,4,2,5,5,4,0,yes,2,15,14,14,5,TRUE,0.13463516214159266,FALSE
GP,F,16,U,GT3,T,2,1,other,other,home,mother,1,1,no,no,no,yes,yes,yes,yes,4,5,2,1,1,5,0,no,12,11,11,11,1,FALSE,0.2949924430583268,FALSE
GP,F,17,R,GT3,T,2,1,at_home,services,course,mother,3,2,no,no,yes,yes,yes,no,no,2,1,1,1,1,3,0,no,2,13,12,12,1,FALSE,0.07928582273724026,FALSE
GP,M,18,U,GT3,T,2,2,other,services,reputation,father,1,2,no,no,no,yes,no,yes,no,5,5,4,3,5,2,0,no,8,8,7,4,4,TRUE,0.4608278421427469,FALSE
GP,M,17,U,LE3,T,4,3,health,other,course,mother,2,2,no,no,yes,yes,yes,yes,yes,2,5,5,1,4,5,0,no,11,14,14,14,2.5,TRUE,0.8794372251521435,TRUE
GP,M,17,R,LE3,A,4,4,teacher,other,course,mother,2,2,no,yes,no,yes,yes,yes,no,3,3,3,2,3,4,0,yes,1,11,12,12,2.5,TRUE,0.25866930980747455,FALSE
GP,M,16,U,LE3,T,4,3,teacher,other,course,mother,1,1,no,no,yes,no,yes,yes,no,5,4,5,1,1,3,0,no,4,10,7,8,1,FALSE,0.505129602211818,TRUE
GP,M,16,U,GT3,T,4,4,services,services,course,mother,1,1,no,no,yes,yes,yes,yes,no,5,3,2,1,2,5,0,no,2,14,14,14,1.5,FALSE,0.07650837371150344,FALSE
GP,F,18,U,GT3,T,2,1,other,other,course,other,2,3,no,yes,no,no,yes,yes,yes,4,4,4,1,1,3,0,yes,5,10,5,6,1,FALSE,0.4472527409921071,FALSE
GP,M,16,U,GT3,T,2,1,other,other,course,mother,3,1,no,no,no,yes,yes,yes,no,4,3,3,1,1,4,0,no,6,16,17,17,1,FALSE,0.25459529228784583,FALSE
GP,M,17,U,GT3,T,2,3,other,other,course,father,2,1,no,no,no,yes,yes,yes,no,5,2,2,1,1,2,0,no,3,10,12,13,1,FALSE,0.0664227541021989,FALSE
GP,M,22,U,GT3,T,3,1,services,services,other,mother,1,1,no,no,no,no,no,yes,yes,5,4,5,5,5,1,3,no,14,6,8,6,5,TRUE,0.6860076840810925,TRUE
GP,M,18,R,LE3,T,3,3,other,services,course,mother,1,2,no,yes,no,yes,yes,yes,yes,4,3,3,1,3,5,0,no,8,6,7,8,2,FALSE,0.2845399961534475,FALSE
GP,M,16,U,GT3,T,0,2,other,other,other,mother,1,1,no,no,no,no,yes,yes,no,4,3,2,2,4,5,0,yes,0,12,14,13,3,TRUE,0.09611945890299894,FALSE
GP,M,18,U,GT3,T,3,2,services,other,course,mother,2,1,no,no,no,yes,no,yes,no,4,4,5,2,4,5,0,no,4,6,8,8,3,TRUE,0.6040515408505402,TRUE
GP,M,16,U,GT3,T,3,3,at_home,other,reputation,other,3,2,yes,yes,no,no,yes,yes,no,5,3,3,1,3,2,0,no,5,8,10,10,2,FALSE,0.17476751019695305,FALSE
GP,M,18,U,GT3,T,2,1,services,services,other,mother,1,1,no,no,no,no,no,yes,no,3,2,5,2,5,5,2,no,4,6,8,7,3.5,TRUE,0.5908756891930851,TRUE
GP,M,16,R,GT3,T,2,1,other,other,course,mother,2,1,no,no,yes,no,yes,no,no,3,3,2,1,3,3,0,no,1,11,11,10,2,FALSE,0.14639639356750822,FALSE
GP,M,17,R,GT3,T,2,1,other,other,course,mother,1,1,no,no,no,no,yes,yes,no,4,4,2,2,4,5,0,no,0,10,12,12,3,TRUE,0.11786732777532907,FALSE
GP,M,17,U,LE3,T,1,1,health,other,course,mother,2,1,no,yes,yes,yes,yes,yes,no,4,4,4,1,2,5,1,no,1,8,10,9,1.5,FALSE,0.37374649921359265,FALSE
GP,F,17,U,LE3,T,4,2,teacher,services,reputation,mother,1,4,no,yes,yes,yes,yes,yes,no,4,2,3,1,1,4,0,yes,4,14,14,15,1,FALSE,0.18926778346852155,FALSE
GP,M,19,U,LE3,A,4,3,services,at_home,reputation,mother,1,2,no,yes,no,yes,yes,yes,no,4,3,1,1,1,1,0,no,8,11,12,12,1,FALSE,0.08765919623675995,FALSE
GP,M,18,U,GT3,T,2,1,other,other,home,mother,1,2,no,no,yes,yes,yes,yes,no,5,2,4,1,2,4,0,no,5,16,15,15,1.5,FALSE,0.25535010988300827,FALSE
GP,F,17,U,LE3,T,2,2,services,services,course,father,1,4,no,no,yes,yes,yes,yes,yes,3,4,1,1,1,2,0,yes,1,10,10,6,1,FALSE,0.09577479026884628,FALSE
GP,F,18,U,GT3,T,4,3,services,other,home,father,1,2,no,yes,no,yes,yes,yes,yes,3,1,2,1,3,2,0,yes,12,16,16,16,2,FALSE,0.200576860831613,FALSE
GP,M,18,U,GT3,T,4,3,teacher,other,course,mother,1,2,no,yes,no,no,yes,yes,no,4,3,2,1,1,3,0,yes,2,9,9,10,1,FALSE,0.11017986420216937,FALSE
GP,M,18,R,GT3,T,3,2,other,other,course,mother,1,3,no,no,yes,no,yes,no,no,5,3,2,1,1,3,0,no,2,12,12,12,1,FALSE,0.07650837371150344,FALSE
GP,F,17,U,GT3,T,3,3,other,other,home,mother,1,3,no,no,yes,no,yes,no,no,3,2,3,1,1,4,0,no,3,12,10,11,1,FALSE,0.24434223737622673,FALSE
GP,F,18,U,GT3,T,2,2,at_home,services,home,mother,1,3,no,yes,yes,yes,yes,yes,yes,4,3,3,1,1,3,0,yes,0,10,11,6,1,FALSE,0.17786894244031076,FALSE
GP,M,18,R,LE3,A,3,4,other,other,reputation,mother,2,2,no,yes,yes,yes,yes,yes,no,4,2,5,3,4,1,0,yes,10,16,16,16,3.5,TRUE,0.6040408957461112,TRUE
GP,M,17,U,GT3,T,3,1,services,other,other,mother,1,2,no,no,yes,yes,yes,yes,yes,5,4,4,3,4,5,0,yes,1,10,10,12,3.5,TRUE,0.2853586836231659,FALSE
GP,F,18,R,GT3,T,4,4,teacher,other,reputation,mother,2,2,no,no,yes,yes,yes,yes,no,4,3,4,2,2,4,0,yes,8,11,10,12,2,FALSE,0.4472472394509743,FALSE
GP,M,18,U,GT3,T,4,2,health,other,reputation,father,1,2,no,yes,yes,yes,yes,yes,yes,5,4,5,1,3,5,0,yes,7,10,10,12,2,FALSE,0.5618859145175696,TRUE
GP,F,18,R,GT3,T,2,1,other,other,reputation,mother,2,2,no,yes,no,yes,no,yes,yes,4,3,5,1,2,3,0,no,6,7,4,5,1.5,FALSE,0.5857086727777796,TRUE
GP,F,19,U,GT3,T,3,3,other,services,home,other,1,2,no,yes,yes,yes,yes,yes,no,4,3,5,3,3,5,1,yes,16,10,10,10,3,TRUE,0.7516168721982579,TRUE
GP,F,18,U,GT3,T,2,3,other,services,reputation,father,1,4,no,yes,yes,yes,yes,yes,yes,4,5,5,1,3,2,0,yes,7,16,15,15,2,FALSE,0.7066146309483435,TRUE
GP,F,18,U,LE3,T,1,1,other,other,home,mother,2,2,no,yes,no,no,yes,no,no,4,4,3,1,1,3,0,yes,2,12,12,12,1,FALSE,0.24042881745270864,FALSE
GP,M,17,R,GT3,T,1,2,at_home,at_home,home,mother,1,2,no,yes,yes,no,yes,no,yes,3,5,2,2,2,1,0,yes,2,16,16,16,2,FALSE,0.22611079063510262,FALSE
GP,F,17,U,GT3,T,2,4,at_home,health,reputation,mother,2,2,no,yes,no,yes,yes,yes,yes,4,3,3,1,1,1,0,yes,4,12,13,13,1,FALSE,0.22680295150368038,FALSE
GP,F,17,U,LE3,T,2,2,services,other,course,mother,2,2,yes,yes,no,yes,yes,yes,yes,4,4,4,2,3,5,0,yes,6,12,12,12,2.5,TRUE,0.46613271426066916,FALSE
GP,F,18,R,GT3,A,3,2,other,services,home,mother,2,2,no,no,no,no,no,yes,yes,4,1,1,1,1,5,0,no,45,11,9,10,1,FALSE,0.504125428052532,TRUE
GP,M,18,U,GT3,T,4,4,teacher,services,home,mother,2,1,no,no,yes,yes,yes,yes,no,3,2,4,1,4,3,0,yes,14,10,10,10,2.5,TRUE,0.6030848062109146,TRUE
GP,F,18,U,GT3,T,4,4,health,health,reputation,father,1,2,yes,yes,yes,yes,yes,yes,yes,2,4,4,1,1,4,1,no,8,12,10,10,1,FALSE,0.6942864433526488,TRUE
GP,M,18,U,LE3,T,4,3,teacher,services,course,mother,2,1,no,no,yes,yes,yes,yes,no,4,2,3,1,2,1,0,yes,4,10,10,10,1.5,FALSE,0.18926778346852155,FALSE
GP,M,17,U,LE3,A,4,1,services,other,home,mother,2,1,no,no,yes,yes,yes,yes,yes,4,5,4,2,4,5,0,yes,26,10,10,9,3,TRUE,0.8340557129943357,TRUE
GP,M,17,U,LE3,A,3,2,teacher,services,home,mother,1,1,no,no,no,yes,yes,yes,no,4,4,4,3,4,3,0,no,18,12,11,12,3.5,TRUE,0.6851463488487333,TRUE
GP,F,18,R,LE3,T,1,1,at_home,other,reputation,mother,2,4,no,yes,yes,yes,yes,no,no,5,2,2,1,1,3,0,yes,2,14,14,15,1,FALSE,0.0618565922262462,FALSE
GP,F,18,U,GT3,T,1,1,other,other,home,mother,2,2,yes,no,yes,yes,yes,yes,no,5,4,4,1,1,4,0,no,2,10,11,12,1,FALSE,0.3011276776775027,FALSE
GP,F,17,U,GT3,T,2,2,other,other,course,mother,1,2,no,yes,no,no,yes,yes,no,5,4,5,1,2,5,0,no,8,11,10,12,1.5,FALSE,0.5805227270396179,TRUE
GP,M,17,U,GT3,T,1,1,other,other,reputation,father,1,2,no,no,no,no,yes,yes,no,4,3,3,1,2,4,0,yes,1,12,11,12,1.5,FALSE,0.1892711982459027,FALSE
GP,F,18,U,GT3,T,2,2,at_home,at_home,other,mother,1,3,no,yes,no,yes,yes,yes,no,4,3,3,1,2,2,0,yes,2,18,18,18,1.5,FALSE,0.2012254881923341,FALSE
GP,F,17,U,GT3,T,1,1,services,teacher,reputation,mother,1,3,no,yes,no,yes,yes,yes,no,4,3,3,1,1,3,0,yes,3,13,12,13,1,FALSE,0.21373575499039782,FALSE
GP,M,18,U,GT3,T,2,1,services,services,reputation,mother,1,3,no,no,yes,yes,yes,yes,no,4,2,4,1,3,2,0,yes,3,14,14,14,2,FALSE,0.3056315434801285,FALSE
GP,M,18,U,LE3,A,4,4,teacher,teacher,reputation,mother,1,2,no,yes,yes,yes,yes,yes,no,5,4,3,1,1,2,0,yes,4,16,15,16,1,FALSE,0.197818319732256,FALSE
GP,M,18,U,GT3,T,4,2,teacher,other,home,mother,1,2,no,yes,yes,yes,yes,yes,yes,4,3,2,1,4,5,0,yes,6,14,14,14,2.5,TRUE,0.14374778400112753,FALSE
GP,F,17,U,GT3,T,4,3,health,services,reputation,mother,1,3,no,yes,no,yes,yes,yes,no,4,2,2,1,2,3,0,yes,0,16,16,16,1.5,FALSE,0.07802937280596736,FALSE
GP,F,17,R,LE3,T,3,1,services,other,reputation,mother,2,4,no,yes,no,yes,yes,no,no,3,1,2,1,1,3,0,yes,3,18,18,18,1,FALSE,0.11228664702420968,FALSE
GP,M,18,R,LE3,T,3,2,services,other,reputation,mother,2,3,no,yes,yes,yes,yes,yes,no,5,4,2,1,1,4,0,yes,4,14,14,14,1,FALSE,0.10810565038537978,FALSE
GP,M,17,U,GT3,T,3,3,health,other,home,mother,1,1,no,yes,no,yes,yes,yes,no,4,4,3,1,3,5,0,yes,2,14,14,13,2,FALSE,0.24042881745270864,FALSE
GP,F,19,U,GT3,T,4,4,health,other,reputation,other,2,2,no,yes,yes,yes,yes,yes,no,2,3,4,2,3,2,0,yes,1,12,11,6,2.5,TRUE,0.5147988273005735,TRUE
GP,F,18,U,LE3,T,4,3,other,other,home,other,2,2,no,yes,no,yes,yes,yes,yes,4,4,5,1,2,2,0,yes,5,12,11,11,1.5,FALSE,0.622101023860896,TRUE
GP,F,18,U,GT3,T,4,3,other,other,reputation,father,1,4,no,yes,no,yes,yes,yes,no,4,3,3,1,1,3,0,yes,0,15,15,16,1,FALSE,0.17786894244031076,FALSE
GP,M,18,U,LE3,T,4,4,teacher,teacher,home,mother,1,1,no,yes,no,yes,yes,yes,yes,1,4,2,2,2,1,0,yes,2,17,16,16,2,FALSE,0.34186064044593956,FALSE
GP,F,18,U,LE3,A,4,4,health,other,home,mother,1,2,no,yes,no,yes,yes,yes,yes,4,2,4,1,1,4,0,no,7,13,12,13,1,FALSE,0.3737360817948664,FALSE
GP,M,17,U,LE3,T,4,4,other,teacher,home,father,2,1,no,no,no,yes,yes,yes,no,4,1,1,2,2,5,0,yes,0,12,12,12,2,FALSE,0.03204627742879072,FALSE
GP,F,17,U,GT3,T,4,2,other,other,reputation,mother,2,3,no,yes,no,yes,yes,yes,no,4,3,3,1,1,3,0,yes,0,16,14,15,1,FALSE,0.17786894244031076,FALSE
GP,F,17,U,GT3,T,3,2,health,health,reputation,father,1,4,no,yes,yes,no,yes,yes,no,5,2,2,1,2,5,0,yes,0,18,18,18,1.5,FALSE,0.05359147142265162,FALSE
GP,M,20,U,GT3,A,3,2,services,other,course,other,1,1,no,no,yes,yes,yes,no,no,5,5,3,1,1,5,1,no,0,16,16,16,1,FALSE,0.1860226728564778,FALSE
GP,M,19,R,GT3,T,3,3,other,services,reputation,father,1,2,no,no,yes,yes,yes,no,yes,4,5,3,1,2,5,0,no,0,12,11,12,1.5,FALSE,0.2546037388990661,FALSE
GP,F,18,U,GT3,T,2,1,services,other,course,mother,2,2,no,yes,yes,yes,yes,yes,no,5,3,3,1,2,1,0,yes,1,10,10,8,1.5,FALSE,0.13509878465993572,FALSE
GP,F,18,U,GT3,T,4,3,other,other,course,mother,1,3,no,yes,yes,yes,yes,yes,yes,4,3,4,1,1,5,0,yes,6,12,12,13,1,FALSE,0.4099917454608322,FALSE
GP,F,17,R,GT3,T,3,4,at_home,services,course,father,1,3,no,yes,yes,no,yes,yes,no,4,3,4,2,5,5,0,yes,1,13,13,14,3.5,TRUE,0.3220208818952727,FALSE
GP,F,18,U,GT3,T,4,4,teacher,other,course,mother,1,2,no,yes,no,yes,yes,yes,no,4,4,4,3,3,5,0,yes,1,12,11,12,3,TRUE,0.37374649921359265,FALSE
GP,F,17,U,GT3,A,4,3,services,services,course,mother,1,2,no,yes,no,yes,yes,yes,yes,5,2,2,1,2,5,0,yes,18,14,14,15,1.5,FALSE,0.18220455569245675,FALSE
GP,F,17,U,GT3,T,2,2,other,other,course,mother,1,2,no,yes,no,yes,yes,no,yes,4,2,2,1,1,3,0,no,8,12,11,11,1,FALSE,0.1346299766976775,FALSE
GP,F,17,R,LE3,T,2,2,services,services,course,mother,1,3,no,yes,yes,yes,yes,yes,no,3,3,2,2,2,3,0,yes,2,11,11,10,2,FALSE,0.15616434085699535,FALSE
GP,F,17,U,GT3,T,3,1,services,services,course,father,1,3,no,yes,no,no,yes,yes,no,3,4,3,2,3,5,0,no,0,14,16,16,2.5,TRUE,0.28891203853756725,FALSE
GP,F,17,U,LE3,T,0,2,at_home,at_home,home,father,2,3,no,no,no,yes,yes,yes,no,3,3,3,2,3,2,0,no,0,15,14,15,2.5,TRUE,0.24434634633166047,FALSE
GP,M,18,U,GT3,T,4,4,other,other,course,mother,1,3,no,no,yes,yes,yes,yes,no,4,3,3,2,2,3,0,no,2,11,13,12,2,FALSE,0.2012254881923341,FALSE
GP,M,17,U,GT3,T,3,3,other,services,reputation,mother,1,1,no,no,yes,no,yes,yes,no,4,3,5,3,5,5,0,no,2,16,16,16,4,TRUE,0.5104616306485914,TRUE
GP,M,17,R,GT3,T,2,2,services,other,course,mother,4,1,no,yes,no,yes,yes,yes,no,4,4,5,5,5,4,0,no,5,11,10,10,5,TRUE,0.622101023860896,TRUE
GP,F,17,U,GT3,T,4,4,teacher,services,course,mother,1,3,no,yes,yes,yes,yes,yes,no,5,4,4,1,3,4,0,yes,4,12,10,11,2,FALSE,0.3340923651163439,FALSE
GP,F,17,U,GT3,T,4,4,teacher,teacher,course,mother,2,3,no,yes,no,no,yes,yes,yes,4,3,3,1,2,4,0,yes,4,14,14,14,1.5,FALSE,0.22680295150368038,FALSE
GP,M,18,U,LE3,T,2,2,other,other,course,mother,1,4,no,yes,yes,yes,yes,yes,no,4,5,5,2,4,5,0,no,1,10,10,10,3,TRUE,0.6040568633657817,TRUE
GP,F,17,R,GT3,T,2,4,at_home,other,course,father,1,3,no,yes,no,yes,yes,yes,yes,4,4,3,1,1,5,0,no,4,14,14,14,1,FALSE,0.26930929667243436,FALSE
GP,F,18,U,GT3,T,3,3,services,services,home,mother,1,2,no,no,yes,yes,yes,yes,no,5,3,4,1,1,4,0,no,4,8,6,6,1,FALSE,0.2853541454359812,FALSE
GP,F,18,U,LE3,T,2,2,other,other,home,other,1,2,no,no,yes,no,yes,yes,yes,4,3,3,1,1,2,0,no,0,9,8,6,1,FALSE,0.17786894244031076,FALSE
GP,F,18,R,GT3,T,2,2,at_home,other,course,mother,2,4,no,no,yes,yes,yes,no,no,4,4,4,1,1,4,0,no,3,12,11,7,1,FALSE,0.4099971286462175,FALSE
GP,F,17,U,GT3,T,3,4,services,other,course,mother,1,3,no,no,no,yes,yes,yes,no,4,4,5,1,3,5,0,no,12,14,14,14,2,FALSE,0.7371439071016259,TRUE
GP,F,17,U,GT3,T,3,2,other,other,home,mother,1,2,no,yes,no,yes,yes,yes,yes,4,3,2,2,3,2,0,yes,0,10,10,8,2.5,TRUE,0.09611945890299894,FALSE
GP,F,18,U,LE3,T,3,3,services,services,home,mother,1,4,no,yes,no,yes,yes,yes,no,5,3,3,1,1,1,0,no,6,15,14,16,1,FALSE,0.18601593367144617,FALSE
GP,F,17,R,GT3,A,3,2,other,other,home,mother,1,2,no,yes,no,yes,yes,yes,no,4,3,3,2,3,2,0,yes,2,12,12,13,2.5,TRUE,0.2012254881923341,FALSE
GP,M,18,U,GT3,T,4,4,teacher,services,home,father,1,2,no,yes,yes,yes,yes,yes,no,4,3,3,2,2,2,0,no,0,11,11,6,2,FALSE,0.17786894244031076,FALSE
GP,M,18,U,LE3,T,3,4,services,other,home,mother,1,2,no,no,yes,yes,yes,yes,yes,4,3,3,1,3,5,0,no,8,16,16,16,2,FALSE,0.2845399961534475,FALSE
GP,F,17,U,GT3,A,2,2,at_home,at_home,home,father,1,2,no,yes,no,yes,yes,yes,yes,3,3,1,1,2,4,0,no,9,10,10,7,1.5,FALSE,0.1341677134331794,FALSE
GP,F,18,U,GT3,T,2,3,at_home,other,course,mother,1,3,no,yes,no,yes,yes,yes,no,4,3,3,1,2,3,0,no,2,11,11,12,1.5,FALSE,0.2012254881923341,FALSE
GP,F,18,U,GT3,T,3,2,other,services,other,mother,1,3,no,no,no,yes,yes,yes,yes,5,4,3,2,3,1,0,no,6,14,14,16,2.5,TRUE,0.22308365469020833,FALSE
GP,M,18,R,GT3,T,4,3,teacher,services,course,mother,1,3,no,no,no,yes,yes,yes,yes,5,3,2,1,2,4,0,no,6,16,14,16,1.5,FALSE,0.10098197373989982,FALSE
GP,M,18,U,GT3,T,4,3,teacher,other,course,mother,1,3,no,yes,no,yes,yes,yes,yes,5,4,5,2,3,5,0,yes,0,12,12,12,2.5,TRUE,0.4295024704313624,FALSE
GP,F,17,U,GT3,T,4,3,health,other,reputation,mother,1,3,no,yes,yes,yes,yes,yes,yes,4,4,3,1,3,4,0,yes,0,12,14,14,2,FALSE,0.2137394948365667,FALSE
MS,M,18,R,GT3,T,3,2,other,other,course,mother,2,1,no,yes,no,no,yes,yes,no,2,5,5,5,5,5,0,no,9,10,12,12,5,TRUE,0.8623457728625067,TRUE
MS,M,19,R,GT3,T,1,1,other,services,home,other,3,2,no,no,no,yes,yes,yes,no,5,4,4,3,3,2,2,no,8,9,8,10,3,TRUE,0.4048412882250707,FALSE
MS,M,17,U,GT3,T,3,3,health,other,course,mother,2,2,no,yes,no,yes,yes,yes,no,4,5,4,2,3,3,0,yes,3,10,11,12,2.5,TRUE,0.46613825220372496,FALSE
MS,M,18,U,LE3,T,1,3,at_home,services,course,mother,1,1,no,no,no,yes,no,yes,yes,4,3,3,2,3,3,0,no,4,8,8,8,2.5,TRUE,0.22680295150368038,FALSE
MS,M,19,R,GT3,T,1,1,other,other,home,other,3,1,no,yes,no,yes,yes,yes,no,4,4,4,3,3,5,1,no,4,8,8,9,3,TRUE,0.4285236603846276,FALSE
MS,M,17,R,GT3,T,4,3,services,other,home,mother,2,2,no,yes,yes,no,yes,yes,yes,4,5,5,1,3,2,0,yes,4,12,11,11,2,FALSE,0.65716775783041,TRUE
MS,F,18,U,GT3,T,3,3,services,services,course,father,1,2,no,yes,no,yes,yes,no,yes,5,3,4,1,1,5,0,no,0,10,10,10,1,FALSE,0.22750443029290884,FALSE
MS,F,17,R,GT3,T,4,4,teacher,services,other,father,2,2,no,yes,yes,yes,yes,yes,no,4,3,3,1,2,5,0,yes,3,12,12,12,1.5,FALSE,0.21373575499039782,FALSE
MS,F,17,U,LE3,A,3,2,services,other,reputation,mother,2,2,no,no,no,yes,yes,no,yes,1,2,3,1,2,5,0,no,1,14,13,13,1.5,FALSE,0.3828411574867468,FALSE
MS,M,18,U,LE3,T,1,1,other,services,home,father,2,1,no,no,no,no,yes,yes,yes,3,3,2,1,2,3,0,no,3,12,12,12,1.5,FALSE,0.16645693786066185,FALSE
MS,F,18,U,LE3,T,1,1,at_home,services,course,father,2,3,no,no,no,yes,yes,yes,no,5,3,2,1,1,4,0,no,0,18,16,17,1,FALSE,0.0664241340942762,FALSE
MS,F,18,U,GT3,T,3,3,services,services,other,mother,2,2,no,yes,no,yes,yes,yes,yes,4,3,2,1,3,3,0,no,3,12,12,12,2,FALSE,0.11786501395880804,FALSE
MS,F,17,U,LE3,T,4,4,at_home,at_home,course,mother,1,2,no,yes,yes,yes,yes,yes,yes,2,3,4,1,1,1,0,yes,2,16,14,15,1,FALSE,0.5337766600707845,TRUE
MS,F,17,R,GT3,T,1,2,other,services,course,father,2,2,no,no,no,no,yes,no,no,3,2,2,1,2,3,0,no,0,12,12,12,1.5,FALSE,0.11228886527108804,FALSE
MS,M,18,R,GT3,T,1,3,at_home,other,course,mother,2,2,no,yes,no,yes,yes,no,no,3,3,4,2,4,3,0,yes,2,9,10,10,3,TRUE,0.43375582564109727,FALSE
MS,M,18,U,LE3,T,4,4,teacher,services,other,mother,2,3,no,no,no,yes,yes,yes,yes,4,2,2,2,2,5,0,yes,0,14,14,14,2,FALSE,0.07802937280596736,FALSE
MS,F,17,R,GT3,T,1,1,other,services,reputation,mother,3,1,no,yes,no,yes,yes,yes,yes,5,2,1,1,2,1,1,yes,0,8,7,4,1.5,FALSE,0.027079194342528864,FALSE
MS,F,18,U,GT3,T,2,3,at_home,services,course,father,2,1,no,yes,no,yes,yes,yes,yes,5,2,3,1,2,4,0,yes,0,10,10,10,1.5,FALSE,0.10330483571800037,FALSE
MS,F,18,R,GT3,T,4,4,other,teacher,other,father,3,2,no,yes,no,no,yes,yes,yes,3,2,2,4,2,5,0,yes,5,10,8,6,3,TRUE,0.15616140833222578,FALSE
MS,M,18,R,LE3,T,1,2,at_home,services,other,father,3,1,no,yes,yes,yes,no,yes,yes,4,3,3,2,3,3,0,yes,3,12,11,11,2.5,TRUE,0.21373575499039782,FALSE
MS,F,17,U,GT3,T,2,2,other,at_home,home,mother,1,3,no,no,yes,yes,yes,no,yes,3,4,3,1,1,3,0,no,8,12,11,12,1,FALSE,0.4275454092815133,FALSE
MS,F,17,R,GT3,T,1,2,other,other,course,mother,1,1,no,no,yes,yes,yes,yes,no,3,5,5,1,3,1,0,no,9,6,6,7,2,FALSE,0.8073768784869033,TRUE
MS,F,18,R,LE3,T,4,4,other,other,reputation,mother,2,3,no,no,no,yes,yes,yes,no,5,4,4,1,1,1,0,no,0,17,18,18,1,FALSE,0.2700963184398702,FALSE
MS,F,18,R,GT3,T,1,1,other,other,home,mother,4,3,no,no,no,yes,yes,yes,no,4,3,2,1,2,4,0,no,3,9,10,11,1.5,FALSE,0.11786501395880804,FALSE
MS,F,18,R,LE3,T,4,4,teacher,services,course,mother,1,2,no,no,yes,yes,yes,yes,no,5,4,3,3,4,2,0,yes,2,10,12,12,3.5,TRUE,0.17477071975641553,FALSE
MS,F,18,U,GT3,T,3,3,other,other,home,mother,1,2,no,no,no,yes,yes,yes,yes,4,1,3,1,2,1,0,yes,0,16,16,16,1.5,FALSE,0.1205218094467087,FALSE
MS,F,17,R,GT3,T,3,1,at_home,other,reputation,mother,1,2,no,yes,yes,no,yes,yes,no,4,5,4,2,3,1,0,yes,14,9,10,10,2.5,TRUE,0.6685084388515605,TRUE
MS,M,18,U,GT3,T,4,4,teacher,teacher,home,father,1,2,no,no,yes,no,yes,yes,no,3,2,4,1,4,2,0,yes,4,16,16,16,2.5,TRUE,0.4151620197236232,FALSE
MS,M,18,R,GT3,T,2,1,other,other,other,mother,2,1,no,no,yes,no,yes,yes,yes,4,4,3,1,3,5,0,no,2,7,6,4,2,FALSE,0.24042881745270864,FALSE
MS,M,17,U,GT3,T,2,3,other,services,home,father,2,2,no,no,yes,yes,yes,yes,no,4,4,3,1,1,3,0,no,3,12,13,13,1,FALSE,0.25459951557039207,FALSE
MS,M,19,R,GT3,T,1,1,other,services,other,mother,2,1,no,no,no,yes,yes,no,no,4,3,2,1,3,5,1,no,0,6,6,0,2,FALSE,0.09611945890299894,FALSE
MS,M,18,R,GT3,T,4,2,other,other,home,father,2,1,no,no,no,yes,yes,no,no,5,4,3,4,3,3,1,yes,7,6,6,2,3.5,TRUE,0.2365504161880087,FALSE
MS,F,18,R,GT3,T,2,2,at_home,other,other,mother,2,3,no,no,no,yes,yes,no,no,5,3,3,1,3,4,0,yes,1,12,13,12,2,FALSE,0.13509878465993572,FALSE
MS,F,18,R,GT3,T,4,4,teacher,at_home,reputation,mother,3,1,no,yes,yes,yes,yes,yes,yes,4,4,3,2,2,5,0,yes,6,6,7,8,2,FALSE,0.30028743478866415,FALSE
MS,F,19,R,GT3,T,2,3,services,other,course,mother,1,3,no,no,yes,no,yes,yes,no,5,4,2,1,2,5,1,no,2,8,8,5,1.5,FALSE,0.09428189587735529,FALSE
MS,F,18,U,LE3,T,3,1,teacher,services,course,mother,1,2,no,yes,no,yes,yes,yes,no,4,3,4,1,1,1,0,yes,2,11,12,12,1,FALSE,0.3388552055685823,FALSE
MS,F,18,U,GT3,T,1,1,other,other,course,mother,2,2,no,no,yes,yes,yes,no,no,1,1,1,1,1,5,0,no,3,8,8,4,1,FALSE,0.1219455634503057,FALSE
MS,M,17,U,LE3,T,3,1,services,services,course,mother,2,1,no,no,no,no,yes,yes,no,2,4,5,3,4,2,0,no,4,12,13,13,3.5,TRUE,0.7731331802379102,TRUE
MS,M,18,R,LE3,T,3,2,services,other,course,mother,3,1,no,no,no,no,yes,yes,no,4,4,1,3,4,5,0,no,2,10,12,10,3.5,TRUE,0.07103916831687278,FALSE
